<?xml version = '1.0' encoding = 'UTF-8'?>
<Entity class="oracle.dbtools.crest.model.design.logical.Entity" directorySegmentName="seg_0" id="BCE05CF5-6B61-FDBD-508E-A261F436A8DE" name="T_SGV_PRODUTO">
<createdBy>oracle</createdBy>
<createdTime>2023-03-12 20:03:09 UTC</createdTime>
<ownerDesignName>modelo_de_dados</ownerDesignName>
<engineerTo>
<item key="2EBF20D7-6817-A678-D11C-6C01E0F71019" value="true"/>
</engineerTo>
<adequatelyNormalized>NO</adequatelyNormalized>
<expectedVolumes>0</expectedVolumes>
<fwdEngineeringStrategyName>Single Table</fwdEngineeringStrategyName>
<growthPercent>0</growthPercent>
<growthType>Year</growthType>
<maxVolumes>9999999</maxVolumes>
<minVolumes>0</minVolumes>
<normalForm>Third</normalForm>
<attributes itemClass="oracle.dbtools.crest.model.design.logical.Attribute">
<Attribute name="id_produto" id="B360A3D2-057A-2555-ABAA-AD19BDC2B180">
<createdBy>oracle</createdBy>
<createdTime>2023-03-12 20:07:00 UTC</createdTime>
<commentInRDBMS><![CDATA[Identificador ũnico da entidade Produto.]]></commentInRDBMS>
<ownerDesignName>modelo_de_dados</ownerDesignName>
<engineerTo>
<item key="2EBF20D7-6817-A678-D11C-6C01E0F71019" value="true"/>
</engineerTo>
<useDomainConstraints>false</useDomainConstraints>
<use>1</use>
<logicalDatatype>LOGDT011</logicalDatatype>
<ownDataTypeParameters>,,</ownDataTypeParameters>
</Attribute>
<Attribute name="id_categoria" id="E17AECE6-0733-46BC-20B5-40AE6F56E579">
<createdBy>oracle</createdBy>
<createdTime>2023-03-12 21:53:49 UTC</createdTime>
<generatorID>10AEC863-5E98-E419-70AE-E38BEE965D29</generatorID>
<ownerDesignName>modelo_de_dados</ownerDesignName>
<engineerTo>
<item key="2EBF20D7-6817-A678-D11C-6C01E0F71019" value="true"/>
</engineerTo>
<nullsAllowed>true</nullsAllowed>
<referedAttribute>BD594632-5A5F-E3CA-79C5-9DB87E231AE7</referedAttribute>
<useDomainConstraints>false</useDomainConstraints>
<use>1</use>
<logicalDatatype>LOGDT011</logicalDatatype>
<ownDataTypeParameters>,,</ownDataTypeParameters>
</Attribute>
<Attribute name="nm_produto" id="B79BE036-03D2-0E9D-94E5-1E6B9C72D97A">
<createdBy>oracle</createdBy>
<createdTime>2023-03-12 20:07:34 UTC</createdTime>
<commentInRDBMS><![CDATA[Nome do produto.]]></commentInRDBMS>
<ownerDesignName>modelo_de_dados</ownerDesignName>
<engineerTo>
<item key="2EBF20D7-6817-A678-D11C-6C01E0F71019" value="true"/>
</engineerTo>
<useDomainConstraints>false</useDomainConstraints>
<use>1</use>
<logicalDatatype>LOGDT024</logicalDatatype>
<ownDataTypeParameters>,,</ownDataTypeParameters>
</Attribute>
<Attribute name="ds_normal" id="41E9B481-F361-ACE3-6EC6-6336E692AB85">
<createdBy>oracle</createdBy>
<createdTime>2023-03-12 21:19:24 UTC</createdTime>
<comment><![CDATA[Colocar UNIQUE constraint.]]></comment>
<commentInRDBMS><![CDATA[Descricao normal do produto.]]></commentInRDBMS>
<ownerDesignName>modelo_de_dados</ownerDesignName>
<engineerTo>
<item key="2EBF20D7-6817-A678-D11C-6C01E0F71019" value="true"/>
</engineerTo>
<useDomainConstraints>false</useDomainConstraints>
<use>1</use>
<logicalDatatype>LOGDT040</logicalDatatype>
<ownDataTypeParameters>,,</ownDataTypeParameters>
</Attribute>
<Attribute name="ds_completa" id="4BBF39C9-018F-D6E9-5DFB-CDEF4B11AD11">
<createdBy>oracle</createdBy>
<createdTime>2023-03-12 21:21:03 UTC</createdTime>
<commentInRDBMS><![CDATA[Descricao completa do produto.]]></commentInRDBMS>
<ownerDesignName>modelo_de_dados</ownerDesignName>
<engineerTo>
<item key="2EBF20D7-6817-A678-D11C-6C01E0F71019" value="true"/>
</engineerTo>
<useDomainConstraints>false</useDomainConstraints>
<use>1</use>
<logicalDatatype>LOGDT040</logicalDatatype>
<ownDataTypeParameters>,,</ownDataTypeParameters>
</Attribute>
<Attribute name="vl_preco_unit" id="C3DA0009-51EC-B940-957E-48ECC01F7241">
<createdBy>oracle</createdBy>
<createdTime>2023-03-12 21:22:03 UTC</createdTime>
<commentInRDBMS><![CDATA[Preco unitãrio do produto.]]></commentInRDBMS>
<ownerDesignName>modelo_de_dados</ownerDesignName>
<engineerTo>
<item key="2EBF20D7-6817-A678-D11C-6C01E0F71019" value="true"/>
</engineerTo>
<useDomainConstraints>false</useDomainConstraints>
<use>1</use>
<logicalDatatype>LOGDT021</logicalDatatype>
<dataTypePrecision>6</dataTypePrecision>
<dataTypeScale>2</dataTypeScale>
<ownDataTypeParameters>,6,2</ownDataTypeParameters>
</Attribute>
<Attribute name="st_produto" id="8D29E93D-D568-D3D6-1C1E-04A21083AE9C">
<createdBy>oracle</createdBy>
<createdTime>2023-03-19 18:36:10 UTC</createdTime>
<ownerDesignName>modelo_de_dados</ownerDesignName>
<engineerTo>
<item key="2EBF20D7-6817-A678-D11C-6C01E0F71019" value="true"/>
</engineerTo>
<useDomainConstraints>false</useDomainConstraints>
<use>1</use>
<logicalDatatype>LOGDT025</logicalDatatype>
<dataTypeSize>1</dataTypeSize>
<ownDataTypeParameters>1,,</ownDataTypeParameters>
</Attribute>
<Attribute name="cd_ean13" id="41BE2318-EC06-B6AA-9789-35EC7713BC08">
<createdBy>oracle</createdBy>
<createdTime>2023-03-12 21:25:18 UTC</createdTime>
<commentInRDBMS><![CDATA[Codigo de barras do produto padrao EAN13.]]></commentInRDBMS>
<ownerDesignName>modelo_de_dados</ownerDesignName>
<engineerTo>
<item key="2EBF20D7-6817-A678-D11C-6C01E0F71019" value="true"/>
</engineerTo>
<nullsAllowed>true</nullsAllowed>
<useDomainConstraints>false</useDomainConstraints>
<use>1</use>
<logicalDatatype>LOGDT024</logicalDatatype>
<dataTypeSize>13</dataTypeSize>
<ownDataTypeParameters>13,,</ownDataTypeParameters>
</Attribute>
</attributes>
<identifiers itemClass="oracle.dbtools.crest.model.design.logical.CandidateKey">
<identifier id="981539A9-E208-74F5-4DA8-C267440FA0A0" name="T_SGV_PRODUTO PK">
<createdBy>oracle</createdBy>
<createdTime>2023-03-12 20:07:10 UTC</createdTime>
<ownerDesignName>modelo_de_dados</ownerDesignName>
<engineerTo>
<item key="2EBF20D7-6817-A678-D11C-6C01E0F71019" value="true"/>
</engineerTo>
<pk>true</pk>
<usedAttributes>
<attributeRef>B360A3D2-057A-2555-ABAA-AD19BDC2B180</attributeRef>
</usedAttributes>
</identifier>
</identifiers>
</Entity>