<?xml version = '1.0' encoding = 'UTF-8'?>
<Entity class="oracle.dbtools.crest.model.design.logical.Entity" directorySegmentName="seg_0" id="F1828BC5-D924-BBDE-9142-336DD5CA668B" name="T_SGV_FUNCIONARIO">
<createdBy>oracle</createdBy>
<createdTime>2023-03-13 00:10:37 UTC</createdTime>
<ownerDesignName>modelo_de_dados</ownerDesignName>
<engineerTo>
<item key="2EBF20D7-6817-A678-D11C-6C01E0F71019" value="true"/>
</engineerTo>
<adequatelyNormalized>NO</adequatelyNormalized>
<expectedVolumes>0</expectedVolumes>
<fwdEngineeringStrategyName>Single Table</fwdEngineeringStrategyName>
<growthPercent>0</growthPercent>
<growthType>Year</growthType>
<maxVolumes>9999999</maxVolumes>
<minVolumes>0</minVolumes>
<normalForm>Third</normalForm>
<attributes itemClass="oracle.dbtools.crest.model.design.logical.Attribute">
<Attribute name="cd_funcionario" id="FEAE879D-A5E0-03D9-78DB-84B43CC68F18">
<createdBy>oracle</createdBy>
<createdTime>2023-03-13 00:11:11 UTC</createdTime>
<commentInRDBMS>Codigo do funcionario.</commentInRDBMS>
<ownerDesignName>modelo_de_dados</ownerDesignName>
<engineerTo>
<item key="2EBF20D7-6817-A678-D11C-6C01E0F71019" value="true"/>
</engineerTo>
<useDomainConstraints>false</useDomainConstraints>
<use>1</use>
<logicalDatatype>LOGDT011</logicalDatatype>
<ownDataTypeParameters>,,</ownDataTypeParameters>
</Attribute>
<Attribute name="nm_funcionario" id="82091925-A9B2-B658-9DDB-2247B38AE65B">
<createdBy>oracle</createdBy>
<createdTime>2023-03-13 00:13:44 UTC</createdTime>
<commentInRDBMS>Nome do funcionario.</commentInRDBMS>
<ownerDesignName>modelo_de_dados</ownerDesignName>
<engineerTo>
<item key="2EBF20D7-6817-A678-D11C-6C01E0F71019" value="true"/>
</engineerTo>
<useDomainConstraints>false</useDomainConstraints>
<use>1</use>
<logicalDatatype>LOGDT024</logicalDatatype>
<dataTypeSize>255</dataTypeSize>
<ownDataTypeParameters>255,,</ownDataTypeParameters>
</Attribute>
<Attribute name="cd_cpf" id="19C4DB8A-E903-47CB-530F-8BE0D31132C7">
<createdBy>oracle</createdBy>
<createdTime>2023-03-13 00:14:59 UTC</createdTime>
<comment>Adicionar UNIQUE constraint.</comment>
<commentInRDBMS>Numero do CPF.</commentInRDBMS>
<ownerDesignName>modelo_de_dados</ownerDesignName>
<engineerTo>
<item key="2EBF20D7-6817-A678-D11C-6C01E0F71019" value="true"/>
</engineerTo>
<useDomainConstraints>false</useDomainConstraints>
<use>1</use>
<logicalDatatype>LOGDT019</logicalDatatype>
<dataTypePrecision>11</dataTypePrecision>
<ownDataTypeParameters>,11,</ownDataTypeParameters>
</Attribute>
<Attribute name="dt_nascimento" id="9BA52B55-70C3-F9A9-D406-FADA0E36DB04">
<createdBy>oracle</createdBy>
<createdTime>2023-03-13 00:16:51 UTC</createdTime>
<commentInRDBMS>Data de nascimento do funcionario.</commentInRDBMS>
<ownerDesignName>modelo_de_dados</ownerDesignName>
<engineerTo>
<item key="2EBF20D7-6817-A678-D11C-6C01E0F71019" value="true"/>
</engineerTo>
<useDomainConstraints>false</useDomainConstraints>
<use>1</use>
<logicalDatatype>LOGDT007</logicalDatatype>
<ownDataTypeParameters>,,</ownDataTypeParameters>
</Attribute>
<Attribute name="nr_ddd" id="57B8D0C9-A7EF-F4A5-B676-FDF5D0D1C9B2">
<createdBy>oracle</createdBy>
<createdTime>2023-03-19 00:01:45 UTC</createdTime>
<commentInRDBMS>Nũmero de DDD do telefone do funcionario.</commentInRDBMS>
<ownerDesignName>modelo_de_dados</ownerDesignName>
<engineerTo>
<item key="2EBF20D7-6817-A678-D11C-6C01E0F71019" value="true"/>
</engineerTo>
<useDomainConstraints>false</useDomainConstraints>
<use>1</use>
<logicalDatatype>LOGDT019</logicalDatatype>
<dataTypePrecision>2</dataTypePrecision>
<ownDataTypeParameters>,2,</ownDataTypeParameters>
</Attribute>
<Attribute name="nr_telefone" id="3EC12A0C-A4D6-80CB-3FBC-47D97D8DBEE0">
<createdBy>oracle</createdBy>
<createdTime>2023-03-13 00:17:49 UTC</createdTime>
<commentInRDBMS>Numero de telefone do funcionario com DDD.</commentInRDBMS>
<ownerDesignName>modelo_de_dados</ownerDesignName>
<engineerTo>
<item key="2EBF20D7-6817-A678-D11C-6C01E0F71019" value="true"/>
</engineerTo>
<useDomainConstraints>false</useDomainConstraints>
<use>1</use>
<logicalDatatype>LOGDT019</logicalDatatype>
<dataTypePrecision>9</dataTypePrecision>
<ownDataTypeParameters>,9,</ownDataTypeParameters>
</Attribute>
<Attribute name="vl_email" id="4BF80980-CB45-7657-BACD-554265082BD9">
<createdBy>oracle</createdBy>
<createdTime>2023-03-13 00:19:58 UTC</createdTime>
<commentInRDBMS>Email do funcionario.</commentInRDBMS>
<ownerDesignName>modelo_de_dados</ownerDesignName>
<engineerTo>
<item key="2EBF20D7-6817-A678-D11C-6C01E0F71019" value="true"/>
</engineerTo>
<useDomainConstraints>false</useDomainConstraints>
<use>1</use>
<logicalDatatype>LOGDT024</logicalDatatype>
<ownDataTypeParameters>,,</ownDataTypeParameters>
</Attribute>
<Attribute name="nm_cargo" id="C7688A54-51FA-8CC0-A603-0976AD132B23">
<createdBy>oracle</createdBy>
<createdTime>2023-03-13 00:20:57 UTC</createdTime>
<commentInRDBMS>Nome do cargo do funcionario.</commentInRDBMS>
<ownerDesignName>modelo_de_dados</ownerDesignName>
<engineerTo>
<item key="2EBF20D7-6817-A678-D11C-6C01E0F71019" value="true"/>
</engineerTo>
<useDomainConstraints>false</useDomainConstraints>
<use>1</use>
<logicalDatatype>LOGDT024</logicalDatatype>
<dataTypeSize>255</dataTypeSize>
<ownDataTypeParameters>255,,</ownDataTypeParameters>
</Attribute>
<Attribute name="nm_departamento" id="C6CE68F2-0FEF-49B8-821C-90E685CB6350">
<createdBy>oracle</createdBy>
<createdTime>2023-03-19 00:03:20 UTC</createdTime>
<ownerDesignName>modelo_de_dados</ownerDesignName>
<engineerTo>
<item key="2EBF20D7-6817-A678-D11C-6C01E0F71019" value="true"/>
</engineerTo>
<use>0</use>
<ownDataTypeParameters>,,</ownDataTypeParameters>
</Attribute>
</attributes>
<identifiers itemClass="oracle.dbtools.crest.model.design.logical.CandidateKey">
<identifier id="8BED6516-19AD-508A-CCC4-355FA1D85777" name="T_SGV_FUNCIONARIO PK">
<createdBy>oracle</createdBy>
<createdTime>2023-03-13 00:11:24 UTC</createdTime>
<ownerDesignName>modelo_de_dados</ownerDesignName>
<engineerTo>
<item key="2EBF20D7-6817-A678-D11C-6C01E0F71019" value="true"/>
</engineerTo>
<pk>true</pk>
<usedAttributes>
<attributeRef>FEAE879D-A5E0-03D9-78DB-84B43CC68F18</attributeRef>
</usedAttributes>
</identifier>
</identifiers>
</Entity>