<?xml version = '1.0' encoding = 'UTF-8'?>
<Relation class="oracle.dbtools.crest.model.design.logical.Relation" name="temv2" directorySegmentName="seg_0" id="AC85DAAB-6A36-FE20-45EF-361A684236CF">
<createdBy>oracle</createdBy>
<createdTime>2023-03-12 23:28:39 UTC</createdTime>
<ownerDesignName>modelo_de_dados</ownerDesignName>
<engineerTo>
<item key="2EBF20D7-6817-A678-D11C-6C01E0F71019" value="true"/>
</engineerTo>
<sourcePk>419E73F9-223F-36AC-3716-761E58A6E770</sourcePk>
<identifying>false</identifying>
<optionalSource>true</optionalSource>
<optionalTarget>false</optionalTarget>
<sourceCardinality>1</sourceCardinality>
<sourceEntity>230B5254-A095-9061-BC32-1E3BCD392D8E</sourceEntity>
<targetCardinalityString>*</targetCardinalityString>
<targetEntity>1EC2E704-5CC0-0352-5D5A-62198F12841C</targetEntity>
<transferable>true</transferable>
<deleteRule>NO ACTION</deleteRule>
</Relation>