<?xml version = '1.0' encoding = 'UTF-8'?>
<Relation class="oracle.dbtools.crest.model.design.logical.Relation" name="Relation_20" directorySegmentName="seg_0" id="EADA9363-EC12-0F3A-FFF7-E623D0FD28E4">
<createdBy>oracle</createdBy>
<createdTime>2023-03-19 00:18:03 UTC</createdTime>
<ownerDesignName>modelo_de_dados</ownerDesignName>
<engineerTo>
<item key="2EBF20D7-6817-A678-D11C-6C01E0F71019" value="true"/>
</engineerTo>
<sourcePk>5EF8F1CE-7435-2DC4-DB39-4228B1101116</sourcePk>
<identifying>true</identifying>
<optionalSource>true</optionalSource>
<optionalTarget>false</optionalTarget>
<sourceCardinality>1</sourceCardinality>
<sourceEntity>1EC2E704-5CC0-0352-5D5A-62198F12841C</sourceEntity>
<targetCardinalityString>*</targetCardinalityString>
<targetEntity>E5F2C347-24D4-3CF1-3577-03104382D1BD</targetEntity>
<transferable>true</transferable>
<deleteRule>NO ACTION</deleteRule>
</Relation>