<?xml version = '1.0' encoding = 'UTF-8'?>
<relationalModel class="oracle.dbtools.crest.model.design.relational.RelationalDesign" name="Relational_1" id="2EBF20D7-6817-A678-D11C-6C01E0F71019" mainViewID="AC5D6512-FA4A-904D-7469-0EAB1CE4F445">
<createdBy>oracle</createdBy>
<createdTime>2023-03-12 20:01:17 UTC</createdTime>
<ownerDesignName>modelo_de_dados</ownerDesignName>
<shouldBeOpen>false</shouldBeOpen>
<selectedRDBMSSite>32076570-2523-435C-2E92-BF29817DFF70</selectedRDBMSSite>
</relationalModel>