<?xml version = '1.0' encoding = 'UTF-8'?>
<Table class="oracle.dbtools.crest.model.design.relational.Table" directorySegmentName="seg_0" id="600805C6-E3CA-6DB4-6BC7-AECAD1FD6158" name="T_SGV_CLIENTE">
<createdBy>oracle</createdBy>
<createdTime>2023-03-19 16:37:46 UTC</createdTime>
<generatorID>D2282A0A-E389-3212-51E1-2D7D677F9C71</generatorID>
<ownerDesignName>modelo_de_dados</ownerDesignName>
<allowColumnReorder>false</allowColumnReorder>
<existDependencyGenerateInDDl>true</existDependencyGenerateInDDl>
<parsed>true</parsed>
<columns itemClass="oracle.dbtools.crest.model.design.relational.Column">
<Column name="cd_cliente" id="1D6FED50-BFEF-C2EB-3451-E496AA961A2E">
<createdBy>oracle</createdBy>
<createdTime>2023-03-19 16:37:46 UTC</createdTime>
<commentInRDBMS>Cõdigo identificador do cliente.</commentInRDBMS>
<generatorID>3BC3E673-5B9E-003A-36DB-90E803C67F86</generatorID>
<ownerDesignName>modelo_de_dados</ownerDesignName>
<useDomainConstraints>false</useDomainConstraints>
<use>1</use>
<logicalDatatype>LOGDT024</logicalDatatype>
<dataTypeSize>128</dataTypeSize>
<ownDataTypeParameters>128,,</ownDataTypeParameters>
<autoIncrementCycle>false</autoIncrementCycle>
</Column>
<Column name="nm_cliente" id="B32A1E72-43BE-DADB-16A7-1ACABC17CC4E">
<createdBy>oracle</createdBy>
<createdTime>2023-03-19 16:37:46 UTC</createdTime>
<commentInRDBMS>Nome do cliente</commentInRDBMS>
<generatorID>7118A081-CCA9-B446-01E3-C941E9DBD9BA</generatorID>
<ownerDesignName>modelo_de_dados</ownerDesignName>
<useDomainConstraints>false</useDomainConstraints>
<use>1</use>
<logicalDatatype>LOGDT024</logicalDatatype>
<dataTypeSize>255</dataTypeSize>
<ownDataTypeParameters>255,,</ownDataTypeParameters>
<autoIncrementCycle>false</autoIncrementCycle>
</Column>
<Column name="st_cliente" id="B837C028-5A53-38A3-4BCC-EE4C3FF3BB3D">
<createdBy>oracle</createdBy>
<createdTime>2023-03-19 16:37:46 UTC</createdTime>
<generatorID>8BF41CB2-185D-6281-311E-96819F726DEC</generatorID>
<ownerDesignName>modelo_de_dados</ownerDesignName>
<useDomainConstraints>false</useDomainConstraints>
<use>1</use>
<logicalDatatype>LOGDT025</logicalDatatype>
<dataTypeSize>1</dataTypeSize>
<ownDataTypeParameters>1,,</ownDataTypeParameters>
<autoIncrementCycle>false</autoIncrementCycle>
</Column>
<Column name="vl_login" id="F416BD4A-0508-B7FC-009B-29ABE26A0DD4">
<createdBy>oracle</createdBy>
<createdTime>2023-03-19 16:37:46 UTC</createdTime>
<generatorID>B82FBBD7-B006-C94A-9A28-540FB4DD75DF</generatorID>
<ownerDesignName>modelo_de_dados</ownerDesignName>
<useDomainConstraints>false</useDomainConstraints>
<use>1</use>
<logicalDatatype>LOGDT024</logicalDatatype>
<dataTypeSize>255</dataTypeSize>
<ownDataTypeParameters>255,,</ownDataTypeParameters>
<autoIncrementCycle>false</autoIncrementCycle>
</Column>
<Column name="vl_senha" id="FDB9119E-99B5-C756-C942-060C5EAA34C8">
<createdBy>oracle</createdBy>
<createdTime>2023-03-19 16:37:46 UTC</createdTime>
<generatorID>F7FBA736-734A-CB22-79AA-DAF2B3AF6C5B</generatorID>
<ownerDesignName>modelo_de_dados</ownerDesignName>
<useDomainConstraints>false</useDomainConstraints>
<use>1</use>
<logicalDatatype>LOGDT024</logicalDatatype>
<dataTypeSize>128</dataTypeSize>
<ownDataTypeParameters>128,,</ownDataTypeParameters>
<autoIncrementCycle>false</autoIncrementCycle>
</Column>
<Column name="qt_estrelas" id="6BF57D75-08D8-D2AE-A511-C3D37A7C5CBC">
<createdBy>oracle</createdBy>
<createdTime>2023-03-19 16:37:46 UTC</createdTime>
<commentInRDBMS>Quantidade de estrelas do cliente.</commentInRDBMS>
<generatorID>C1128056-5AF1-529C-2542-EAE41F2BAD7B</generatorID>
<ownerDesignName>modelo_de_dados</ownerDesignName>
<nullsAllowed>true</nullsAllowed>
<useDomainConstraints>false</useDomainConstraints>
<use>1</use>
<logicalDatatype>LOGDT011</logicalDatatype>
<ownDataTypeParameters>,,</ownDataTypeParameters>
<autoIncrementCycle>false</autoIncrementCycle>
</Column>
<Column name="nr_ddd" id="B1144C15-EE65-D92B-DA7D-3B17DC2723EB">
<createdBy>oracle</createdBy>
<createdTime>2023-03-19 16:37:46 UTC</createdTime>
<commentInRDBMS>Cõdigo de DDD do numero de telefone do cliente.</commentInRDBMS>
<generatorID>C0BA3C52-2305-FCEA-E181-351B4201985B</generatorID>
<ownerDesignName>modelo_de_dados</ownerDesignName>
<nullsAllowed>true</nullsAllowed>
<useDomainConstraints>false</useDomainConstraints>
<use>1</use>
<logicalDatatype>LOGDT019</logicalDatatype>
<dataTypePrecision>2</dataTypePrecision>
<ownDataTypeParameters>,2,</ownDataTypeParameters>
<autoIncrementCycle>false</autoIncrementCycle>
</Column>
<Column name="nr_telefone" id="257D3068-A6E3-C67F-8009-77960F9DF4F6">
<createdBy>oracle</createdBy>
<createdTime>2023-03-19 16:37:46 UTC</createdTime>
<commentInRDBMS>Numero do telefone do cliente.</commentInRDBMS>
<generatorID>B35808A9-F00D-9BBE-4804-C058C5A27F02</generatorID>
<ownerDesignName>modelo_de_dados</ownerDesignName>
<nullsAllowed>true</nullsAllowed>
<useDomainConstraints>false</useDomainConstraints>
<use>1</use>
<logicalDatatype>LOGDT019</logicalDatatype>
<dataTypePrecision>9</dataTypePrecision>
<ownDataTypeParameters>,9,</ownDataTypeParameters>
<autoIncrementCycle>false</autoIncrementCycle>
</Column>
</columns>
<indexes itemClass="oracle.dbtools.crest.model.design.relational.Index">
<ind_PK_UK id="E28EF5DB-2AAF-319F-FBD0-D8CC23BD351D" name="PK_SGV_CLIENTE">
<createdBy>oracle</createdBy>
<createdTime>2023-03-19 16:37:46 UTC</createdTime>
<generatorID>5BD2C09D-463F-D90A-3C79-38A43B09507A</generatorID>
<ownerDesignName>modelo_de_dados</ownerDesignName>
<pk>true</pk>
<indexState>Primary Constraint</indexState>
<isSurrogateKey>false</isSurrogateKey>
<indexColumnUsage>
<colUsage columnID="1D6FED50-BFEF-C2EB-3451-E496AA961A2E"/>
</indexColumnUsage>
</ind_PK_UK>
</indexes>
</Table>