<?xml version = '1.0' encoding = 'UTF-8'?>
<Table class="oracle.dbtools.crest.model.design.relational.Table" directorySegmentName="seg_0" id="C7C00161-233C-87BD-A195-092D826D210D" name="T_SGV_PRODUTO">
<createdBy>oracle</createdBy>
<createdTime>2023-03-19 16:37:46 UTC</createdTime>
<generatorID>BCE05CF5-6B61-FDBD-508E-A261F436A8DE</generatorID>
<ownerDesignName>modelo_de_dados</ownerDesignName>
<allowColumnReorder>false</allowColumnReorder>
<existDependencyGenerateInDDl>true</existDependencyGenerateInDDl>
<parsed>true</parsed>
<columns itemClass="oracle.dbtools.crest.model.design.relational.Column">
<Column name="id_produto" id="7ADC1748-79EB-8624-1167-B95430A6C050">
<createdBy>oracle</createdBy>
<createdTime>2023-03-19 16:37:46 UTC</createdTime>
<commentInRDBMS>Identificador ũnico da entidade Produto.</commentInRDBMS>
<generatorID>B360A3D2-057A-2555-ABAA-AD19BDC2B180</generatorID>
<ownerDesignName>modelo_de_dados</ownerDesignName>
<useDomainConstraints>false</useDomainConstraints>
<use>1</use>
<logicalDatatype>LOGDT011</logicalDatatype>
<ownDataTypeParameters>,,</ownDataTypeParameters>
<autoIncrementCycle>false</autoIncrementCycle>
</Column>
<Column name="id_categoria" id="0798AC72-0480-075D-611A-BF1DDB4B6731">
<createdBy>oracle</createdBy>
<createdTime>2023-03-19 16:37:46 UTC</createdTime>
<generatorID>E17AECE6-0733-46BC-20B5-40AE6F56E579</generatorID>
<ownerDesignName>modelo_de_dados</ownerDesignName>
<nullsAllowed>true</nullsAllowed>
<useDomainConstraints>false</useDomainConstraints>
<use>1</use>
<logicalDatatype>LOGDT011</logicalDatatype>
<ownDataTypeParameters>,,</ownDataTypeParameters>
<previousColumn>false</previousColumn>
<autoIncrementCycle>false</autoIncrementCycle>
<associations>
<colAssociation fkAssociation="DE848DC4-909B-2132-BD9C-D6078B5CEB72" referredColumn="CDE63348-60FD-43C4-DB8C-B39619BF96A3"/>
</associations>
</Column>
<Column name="nm_produto" id="70CDAFA7-EB60-3D7B-4FFF-5437A649F799">
<createdBy>oracle</createdBy>
<createdTime>2023-03-19 16:37:46 UTC</createdTime>
<commentInRDBMS>Nome do produto.</commentInRDBMS>
<generatorID>B79BE036-03D2-0E9D-94E5-1E6B9C72D97A</generatorID>
<ownerDesignName>modelo_de_dados</ownerDesignName>
<useDomainConstraints>false</useDomainConstraints>
<use>1</use>
<logicalDatatype>LOGDT024</logicalDatatype>
<dataTypeSize>255</dataTypeSize>
<ownDataTypeParameters>255,,</ownDataTypeParameters>
<autoIncrementCycle>false</autoIncrementCycle>
</Column>
<Column name="ds_normal" id="EA2B99F5-F233-3CFF-AD9B-CB2526F3E8EE">
<createdBy>oracle</createdBy>
<createdTime>2023-03-19 16:37:46 UTC</createdTime>
<comment>Colocar UNIQUE constraint.</comment>
<commentInRDBMS>Descricao normal do produto.</commentInRDBMS>
<generatorID>41E9B481-F361-ACE3-6EC6-6336E692AB85</generatorID>
<ownerDesignName>modelo_de_dados</ownerDesignName>
<useDomainConstraints>false</useDomainConstraints>
<use>1</use>
<logicalDatatype>LOGDT024</logicalDatatype>
<dataTypeSize>255</dataTypeSize>
<ownDataTypeParameters>255,,</ownDataTypeParameters>
<autoIncrementCycle>false</autoIncrementCycle>
</Column>
<Column name="ds_completa" id="B921DC4B-E3C4-FFCF-F8B3-E16A5F911F5D">
<createdBy>oracle</createdBy>
<createdTime>2023-03-19 16:37:46 UTC</createdTime>
<commentInRDBMS>Descricao completa do produto.</commentInRDBMS>
<generatorID>4BBF39C9-018F-D6E9-5DFB-CDEF4B11AD11</generatorID>
<ownerDesignName>modelo_de_dados</ownerDesignName>
<useDomainConstraints>false</useDomainConstraints>
<use>1</use>
<logicalDatatype>LOGDT024</logicalDatatype>
<dataTypeSize>4000</dataTypeSize>
<ownDataTypeParameters>4000,,</ownDataTypeParameters>
<autoIncrementCycle>false</autoIncrementCycle>
</Column>
<Column name="vl_preco_unit" id="CD49736F-87C7-18F0-89CB-E83683A712A4">
<createdBy>oracle</createdBy>
<createdTime>2023-03-19 16:37:46 UTC</createdTime>
<commentInRDBMS>Preco unitãrio do produto.</commentInRDBMS>
<generatorID>C3DA0009-51EC-B940-957E-48ECC01F7241</generatorID>
<ownerDesignName>modelo_de_dados</ownerDesignName>
<useDomainConstraints>false</useDomainConstraints>
<use>1</use>
<logicalDatatype>LOGDT021</logicalDatatype>
<dataTypePrecision>6</dataTypePrecision>
<dataTypeScale>2</dataTypeScale>
<ownDataTypeParameters>,6,2</ownDataTypeParameters>
<autoIncrementCycle>false</autoIncrementCycle>
</Column>
<Column name="st_produto" id="F7D508B0-FD58-DA63-1ADD-CBF537AA6E2A">
<createdBy>oracle</createdBy>
<createdTime>2023-03-19 18:33:52 UTC</createdTime>
<ownerDesignName>modelo_de_dados</ownerDesignName>
<useDomainConstraints>false</useDomainConstraints>
<use>1</use>
<logicalDatatype>LOGDT025</logicalDatatype>
<dataTypeSize>1</dataTypeSize>
<ownDataTypeParameters>1,,</ownDataTypeParameters>
<autoIncrementCycle>false</autoIncrementCycle>
</Column>
<Column name="cd_ean13" id="D863952C-3823-22FD-22BE-791EFE5D3F81">
<createdBy>oracle</createdBy>
<createdTime>2023-03-19 16:37:46 UTC</createdTime>
<commentInRDBMS>Codigo de barras do produto padrao EAN13.</commentInRDBMS>
<generatorID>41BE2318-EC06-B6AA-9789-35EC7713BC08</generatorID>
<ownerDesignName>modelo_de_dados</ownerDesignName>
<nullsAllowed>true</nullsAllowed>
<useDomainConstraints>false</useDomainConstraints>
<use>1</use>
<logicalDatatype>LOGDT024</logicalDatatype>
<dataTypeSize>13</dataTypeSize>
<ownDataTypeParameters>13,,</ownDataTypeParameters>
<autoIncrementCycle>false</autoIncrementCycle>
</Column>
</columns>
<indexes itemClass="oracle.dbtools.crest.model.design.relational.Index">
<ind_PK_UK id="0DB0A50C-AC66-F7B8-6342-1553E008D02B" name="PK_SGV_PRODUTO">
<createdBy>oracle</createdBy>
<createdTime>2023-03-19 16:37:46 UTC</createdTime>
<generatorID>981539A9-E208-74F5-4DA8-C267440FA0A0</generatorID>
<ownerDesignName>modelo_de_dados</ownerDesignName>
<pk>true</pk>
<indexState>Primary Constraint</indexState>
<isSurrogateKey>false</isSurrogateKey>
<indexColumnUsage>
<colUsage columnID="7ADC1748-79EB-8624-1167-B95430A6C050"/>
</indexColumnUsage>
</ind_PK_UK>
<ind_PK_UK id="9F31E18C-E8B7-C014-A1B7-A3A3CF6F0118" name="UN_SGV_PROD_DESC">
<createdBy>oracle</createdBy>
<createdTime>2023-03-19 18:26:04 UTC</createdTime>
<ownerDesignName>modelo_de_dados</ownerDesignName>
<indexState>Unique Constraint</indexState>
<isSurrogateKey>false</isSurrogateKey>
<indexColumnUsage>
<colUsage columnID="EA2B99F5-F233-3CFF-AD9B-CB2526F3E8EE"/>
</indexColumnUsage>
</ind_PK_UK>
<ind_PK_UK id="BEB429E6-4CCD-591F-4105-0962C0D87A5C" name="FK_SGV_PROD_CATEG">
<createdBy>oracle</createdBy>
<createdTime>2023-03-19 16:37:46 UTC</createdTime>
<generatorID>10AEC863-5E98-E419-70AE-E38BEE965D29</generatorID>
<ownerDesignName>modelo_de_dados</ownerDesignName>
<indexState>Foreign Key</indexState>
<isSurrogateKey>false</isSurrogateKey>
<indexColumnUsage>
<colUsage columnID="0798AC72-0480-075D-611A-BF1DDB4B6731"/>
</indexColumnUsage>
</ind_PK_UK>
</indexes>
<tableCheckConstraints itemClass="oracle.dbtools.crest.model.design.constraint.TableLevelConstraint">
<tableCheckConstraint name="CK_SGV_PROD_ST" directorySegmentName="seg_0" id="FD538D43-73FE-BFFB-0A56-E4FC6F008FEC">
<createdBy>oracle</createdBy>
<createdTime>2023-03-19 18:41:31 UTC</createdTime>
<ownerDesignName>modelo_de_dados</ownerDesignName>
<rule>ST_PRODUTO == A || ST_PRODUTO == I</rule>
</tableCheckConstraint>
</tableCheckConstraints>
</Table>