<?xml version = '1.0' encoding = 'UTF-8'?>
<FKIndexAssociation class="oracle.dbtools.crest.model.design.relational.FKIndexAssociation" directorySegmentName="seg_0" id="E1FDD622-FEB7-0AEE-CA81-636E53D351BC" containerWithKeyObject="84150ECC-9549-97CF-8888-761E9DC65D04" localFKIndex="098764D6-2B1A-F936-ABAA-51DD07B28F61" name="FK_SGV_VISUAL_CLIENTE">
<createdBy>oracle</createdBy>
<createdTime>2023-03-19 16:37:46 UTC</createdTime>
<generatorID>20DA93EF-7E1C-DF3E-82C7-4D474FE8B3A3</generatorID>
<ownerDesignName>modelo_de_dados</ownerDesignName>
<referredTableLongName>T_SGV_CLIENTE</referredTableLongName>
<deleteRule>NO ACTION</deleteRule>
<referredTableID>600805C6-E3CA-6DB4-6BC7-AECAD1FD6158</referredTableID>
<keyObject>E28EF5DB-2AAF-319F-FBD0-D8CC23BD351D</keyObject>
<referredKeyID>E28EF5DB-2AAF-319F-FBD0-D8CC23BD351D</referredKeyID>
<mandatory>false</mandatory>
<refColNames>cd_cliente</refColNames>
<transferable>true</transferable>
<rely>false</rely>
<columnDependencyConstraintGenerateInDDL>true</columnDependencyConstraintGenerateInDDL>
</FKIndexAssociation>